email,password
testuser1@test.com,Password123!
testuser2@test.com,Password123!
testuser3@test.com,Password123!
testuser4@test.com,Password123!
testuser5@test.com,Password123!
testuser6@test.com,Password123!
testuser7@test.com,Password123!
testuser8@test.com,Password123!
testuser9@test.com,Password123!
testuser10@test.com,Password123!
testuser11@test.com,Password123!
testuser12@test.com,Password123!
testuser13@test.com,Password123!
testuser14@test.com,Password123!
testuser15@test.com,Password123!
testuser16@test.com,Password123!
testuser17@test.com,Password123!
testuser18@test.com,Password123!
testuser19@test.com,Password123!
testuser20@test.com,Password123!
testuser21@test.com,Password123!
testuser22@test.com,Password123!
testuser23@test.com,Password123!
testuser24@test.com,Password123!
testuser25@test.com,Password123!
testuser26@test.com,Password123!
testuser27@test.com,Password123!
testuser28@test.com,Password123!
testuser29@test.com,Password123!
testuser30@test.com,Password123!
testuser31@test.com,Password123!
testuser32@test.com,Password123!
testuser33@test.com,Password123!
testuser34@test.com,Password123!
testuser35@test.com,Password123!
testuser36@test.com,Password123!
testuser37@test.com,Password123!
testuser38@test.com,Password123!
testuser39@test.com,Password123!
testuser40@test.com,Password123!
testuser41@test.com,Password123!
testuser42@test.com,Password123!
testuser43@test.com,Password123!
testuser44@test.com,Password123!
testuser45@test.com,Password123!
testuser46@test.com,Password123!
testuser47@test.com,Password123!
testuser48@test.com,Password123!
testuser49@test.com,Password123!
testuser50@test.com,Password123!
testuser51@test.com,Password123!
testuser52@test.com,Password123!
testuser53@test.com,Password123!
testuser54@test.com,Password123!
testuser55@test.com,Password123!
testuser56@test.com,Password123!
testuser57@test.com,Password123!
testuser58@test.com,Password123!
testuser59@test.com,Password123!
testuser60@test.com,Password123!
testuser61@test.com,Password123!
testuser62@test.com,Password123!
testuser63@test.com,Password123!
testuser64@test.com,Password123!
testuser65@test.com,Password123!
testuser66@test.com,Password123!
testuser67@test.com,Password123!
testuser68@test.com,Password123!
testuser69@test.com,Password123!
testuser70@test.com,Password123!
testuser71@test.com,Password123!
testuser72@test.com,Password123!
testuser73@test.com,Password123!
testuser74@test.com,Password123!
testuser75@test.com,Password123!
testuser76@test.com,Password123!
testuser77@test.com,Password123!
testuser78@test.com,Password123!
testuser79@test.com,Password123!
testuser80@test.com,Password123!
testuser81@test.com,Password123!
testuser82@test.com,Password123!
testuser83@test.com,Password123!
testuser84@test.com,Password123!
testuser85@test.com,Password123!
testuser86@test.com,Password123!
testuser87@test.com,Password123!
testuser88@test.com,Password123!
testuser89@test.com,Password123!
testuser90@test.com,Password123!
testuser91@test.com,Password123!
testuser92@test.com,Password123!
testuser93@test.com,Password123!
testuser94@test.com,Password123!
testuser95@test.com,Password123!
testuser96@test.com,Password123!
testuser97@test.com,Password123!
testuser98@test.com,Password123!
testuser99@test.com,Password123!
testuser100@test.com,Password123!
testuser101@test.com,Password123!
testuser102@test.com,Password123!
testuser103@test.com,Password123!
testuser104@test.com,Password123!
testuser105@test.com,Password123!
testuser106@test.com,Password123!
testuser107@test.com,Password123!
testuser108@test.com,Password123!
testuser109@test.com,Password123!
testuser110@test.com,Password123!
testuser111@test.com,Password123!
testuser112@test.com,Password123!
testuser113@test.com,Password123!
testuser114@test.com,Password123!
testuser115@test.com,Password123!
testuser116@test.com,Password123!
testuser117@test.com,Password123!
testuser118@test.com,Password123!
testuser119@test.com,Password123!
testuser120@test.com,Password123!
testuser121@test.com,Password123!
testuser122@test.com,Password123!
testuser123@test.com,Password123!
testuser124@test.com,Password123!
testuser125@test.com,Password123!
testuser126@test.com,Password123!
testuser127@test.com,Password123!
testuser128@test.com,Password123!
testuser129@test.com,Password123!
testuser130@test.com,Password123!
testuser131@test.com,Password123!
testuser132@test.com,Password123!
testuser133@test.com,Password123!
testuser134@test.com,Password123!
testuser135@test.com,Password123!
testuser136@test.com,Password123!
testuser137@test.com,Password123!
testuser138@test.com,Password123!
testuser139@test.com,Password123!
testuser140@test.com,Password123!
testuser141@test.com,Password123!
testuser142@test.com,Password123!
testuser143@test.com,Password123!
testuser144@test.com,Password123!
testuser145@test.com,Password123!
testuser146@test.com,Password123!
testuser147@test.com,Password123!
testuser148@test.com,Password123!
testuser149@test.com,Password123!
testuser150@test.com,Password123!
testuser151@test.com,Password123!
testuser152@test.com,Password123!
testuser153@test.com,Password123!
testuser154@test.com,Password123!
testuser155@test.com,Password123!
testuser156@test.com,Password123!
testuser157@test.com,Password123!
testuser158@test.com,Password123!
testuser159@test.com,Password123!
testuser160@test.com,Password123!
testuser161@test.com,Password123!
testuser162@test.com,Password123!
testuser163@test.com,Password123!
testuser164@test.com,Password123!
testuser165@test.com,Password123!
testuser166@test.com,Password123!
testuser167@test.com,Password123!
testuser168@test.com,Password123!
testuser169@test.com,Password123!
testuser170@test.com,Password123!
testuser171@test.com,Password123!
testuser172@test.com,Password123!
testuser173@test.com,Password123!
testuser174@test.com,Password123!
testuser175@test.com,Password123!
testuser176@test.com,Password123!
testuser177@test.com,Password123!
testuser178@test.com,Password123!
testuser179@test.com,Password123!
testuser180@test.com,Password123!
testuser181@test.com,Password123!
testuser182@test.com,Password123!
testuser183@test.com,Password123!
testuser184@test.com,Password123!
testuser185@test.com,Password123!
testuser186@test.com,Password123!
testuser187@test.com,Password123!
testuser188@test.com,Password123!
testuser189@test.com,Password123!
testuser190@test.com,Password123!
testuser191@test.com,Password123!
testuser192@test.com,Password123!
testuser193@test.com,Password123!
testuser194@test.com,Password123!
testuser195@test.com,Password123!
testuser196@test.com,Password123!
testuser197@test.com,Password123!
testuser198@test.com,Password123!
testuser199@test.com,Password123!
testuser200@test.com,Password123!
testuser201@test.com,Password123!
testuser202@test.com,Password123!
testuser203@test.com,Password123!
testuser204@test.com,Password123!
testuser205@test.com,Password123!
testuser206@test.com,Password123!
testuser207@test.com,Password123!
testuser208@test.com,Password123!
testuser209@test.com,Password123!
testuser210@test.com,Password123!
testuser211@test.com,Password123!
testuser212@test.com,Password123!
testuser213@test.com,Password123!
testuser214@test.com,Password123!
testuser215@test.com,Password123!
testuser216@test.com,Password123!
testuser217@test.com,Password123!
testuser218@test.com,Password123!
testuser219@test.com,Password123!
testuser220@test.com,Password123!
testuser221@test.com,Password123!
testuser222@test.com,Password123!
testuser223@test.com,Password123!
testuser224@test.com,Password123!
testuser225@test.com,Password123!
testuser226@test.com,Password123!
testuser227@test.com,Password123!
testuser228@test.com,Password123!
testuser229@test.com,Password123!
testuser230@test.com,Password123!
testuser231@test.com,Password123!
testuser232@test.com,Password123!
testuser233@test.com,Password123!
testuser234@test.com,Password123!
testuser235@test.com,Password123!
testuser236@test.com,Password123!
testuser237@test.com,Password123!
testuser238@test.com,Password123!
testuser239@test.com,Password123!
testuser240@test.com,Password123!
testuser241@test.com,Password123!
testuser242@test.com,Password123!
testuser243@test.com,Password123!
testuser244@test.com,Password123!
testuser245@test.com,Password123!
testuser246@test.com,Password123!
testuser247@test.com,Password123!
testuser248@test.com,Password123!
testuser249@test.com,Password123!
testuser250@test.com,Password123!
testuser251@test.com,Password123!
testuser252@test.com,Password123!
testuser253@test.com,Password123!
testuser254@test.com,Password123!
testuser255@test.com,Password123!
testuser256@test.com,Password123!
testuser257@test.com,Password123!
testuser258@test.com,Password123!
testuser259@test.com,Password123!
testuser260@test.com,Password123!
testuser261@test.com,Password123!
testuser262@test.com,Password123!
testuser263@test.com,Password123!
testuser264@test.com,Password123!
testuser265@test.com,Password123!
testuser266@test.com,Password123!
testuser267@test.com,Password123!
testuser268@test.com,Password123!
testuser269@test.com,Password123!
testuser270@test.com,Password123!
testuser271@test.com,Password123!
testuser272@test.com,Password123!
testuser273@test.com,Password123!
testuser274@test.com,Password123!
testuser275@test.com,Password123!
testuser276@test.com,Password123!
testuser277@test.com,Password123!
testuser278@test.com,Password123!
testuser279@test.com,Password123!
testuser280@test.com,Password123!
testuser281@test.com,Password123!
testuser282@test.com,Password123!
testuser283@test.com,Password123!
testuser284@test.com,Password123!
testuser285@test.com,Password123!
testuser286@test.com,Password123!
testuser287@test.com,Password123!
testuser288@test.com,Password123!
testuser289@test.com,Password123!
testuser290@test.com,Password123!
testuser291@test.com,Password123!
testuser292@test.com,Password123!
testuser293@test.com,Password123!
testuser294@test.com,Password123!
testuser295@test.com,Password123!
testuser296@test.com,Password123!
testuser297@test.com,Password123!
testuser298@test.com,Password123!
testuser299@test.com,Password123!
testuser300@test.com,Password123!
testuser301@test.com,Password123!
testuser302@test.com,Password123!
testuser303@test.com,Password123!
testuser304@test.com,Password123!
testuser305@test.com,Password123!
testuser306@test.com,Password123!
testuser307@test.com,Password123!
testuser308@test.com,Password123!
testuser309@test.com,Password123!
testuser310@test.com,Password123!
testuser311@test.com,Password123!
testuser312@test.com,Password123!
testuser313@test.com,Password123!
testuser314@test.com,Password123!
testuser315@test.com,Password123!
testuser316@test.com,Password123!
testuser317@test.com,Password123!
testuser318@test.com,Password123!
testuser319@test.com,Password123!
testuser320@test.com,Password123!
testuser321@test.com,Password123!
testuser322@test.com,Password123!
testuser323@test.com,Password123!
testuser324@test.com,Password123!
testuser325@test.com,Password123!
testuser326@test.com,Password123!
testuser327@test.com,Password123!
testuser328@test.com,Password123!
testuser329@test.com,Password123!
testuser330@test.com,Password123!
testuser331@test.com,Password123!
testuser332@test.com,Password123!
testuser333@test.com,Password123!
testuser334@test.com,Password123!
testuser335@test.com,Password123!
testuser336@test.com,Password123!
testuser337@test.com,Password123!
testuser338@test.com,Password123!
testuser339@test.com,Password123!
testuser340@test.com,Password123!
testuser341@test.com,Password123!
testuser342@test.com,Password123!
testuser343@test.com,Password123!
testuser344@test.com,Password123!
testuser345@test.com,Password123!
testuser346@test.com,Password123!
testuser347@test.com,Password123!
testuser348@test.com,Password123!
testuser349@test.com,Password123!
testuser350@test.com,Password123!
testuser351@test.com,Password123!
testuser352@test.com,Password123!
testuser353@test.com,Password123!
testuser354@test.com,Password123!
testuser355@test.com,Password123!
testuser356@test.com,Password123!
testuser357@test.com,Password123!
testuser358@test.com,Password123!
testuser359@test.com,Password123!
testuser360@test.com,Password123!
testuser361@test.com,Password123!
testuser362@test.com,Password123!
testuser363@test.com,Password123!
testuser364@test.com,Password123!
testuser365@test.com,Password123!
testuser366@test.com,Password123!
testuser367@test.com,Password123!
testuser368@test.com,Password123!
testuser369@test.com,Password123!
testuser370@test.com,Password123!
testuser371@test.com,Password123!
testuser372@test.com,Password123!
testuser373@test.com,Password123!
testuser374@test.com,Password123!
testuser375@test.com,Password123!
testuser376@test.com,Password123!
testuser377@test.com,Password123!
testuser378@test.com,Password123!
testuser379@test.com,Password123!
testuser380@test.com,Password123!
testuser381@test.com,Password123!
testuser382@test.com,Password123!
testuser383@test.com,Password123!
testuser384@test.com,Password123!
testuser385@test.com,Password123!
testuser386@test.com,Password123!
testuser387@test.com,Password123!
testuser388@test.com,Password123!
testuser389@test.com,Password123!
testuser390@test.com,Password123!
testuser391@test.com,Password123!
testuser392@test.com,Password123!
testuser393@test.com,Password123!
testuser394@test.com,Password123!
testuser395@test.com,Password123!
testuser396@test.com,Password123!
testuser397@test.com,Password123!
testuser398@test.com,Password123!
testuser399@test.com,Password123!
testuser400@test.com,Password123!
testuser401@test.com,Password123!
testuser402@test.com,Password123!
testuser403@test.com,Password123!
testuser404@test.com,Password123!
testuser405@test.com,Password123!
testuser406@test.com,Password123!
testuser407@test.com,Password123!
testuser408@test.com,Password123!
testuser409@test.com,Password123!
testuser410@test.com,Password123!
testuser411@test.com,Password123!
testuser412@test.com,Password123!
testuser413@test.com,Password123!
testuser414@test.com,Password123!
testuser415@test.com,Password123!
testuser416@test.com,Password123!
testuser417@test.com,Password123!
testuser418@test.com,Password123!
testuser419@test.com,Password123!
testuser420@test.com,Password123!
testuser421@test.com,Password123!
testuser422@test.com,Password123!
testuser423@test.com,Password123!
testuser424@test.com,Password123!
testuser425@test.com,Password123!
testuser426@test.com,Password123!
testuser427@test.com,Password123!
testuser428@test.com,Password123!
testuser429@test.com,Password123!
testuser430@test.com,Password123!
testuser431@test.com,Password123!
testuser432@test.com,Password123!
testuser433@test.com,Password123!
testuser434@test.com,Password123!
testuser435@test.com,Password123!
testuser436@test.com,Password123!
testuser437@test.com,Password123!
testuser438@test.com,Password123!
testuser439@test.com,Password123!
testuser440@test.com,Password123!
testuser441@test.com,Password123!
testuser442@test.com,Password123!
testuser443@test.com,Password123!
testuser444@test.com,Password123!
testuser445@test.com,Password123!
testuser446@test.com,Password123!
testuser447@test.com,Password123!
testuser448@test.com,Password123!
testuser449@test.com,Password123!
testuser450@test.com,Password123!
testuser451@test.com,Password123!
testuser452@test.com,Password123!
testuser453@test.com,Password123!
testuser454@test.com,Password123!
testuser455@test.com,Password123!
testuser456@test.com,Password123!
testuser457@test.com,Password123!
testuser458@test.com,Password123!
testuser459@test.com,Password123!
testuser460@test.com,Password123!
testuser461@test.com,Password123!
testuser462@test.com,Password123!
testuser463@test.com,Password123!
testuser464@test.com,Password123!
testuser465@test.com,Password123!
testuser466@test.com,Password123!
testuser467@test.com,Password123!
testuser468@test.com,Password123!
testuser469@test.com,Password123!
testuser470@test.com,Password123!
testuser471@test.com,Password123!
testuser472@test.com,Password123!
testuser473@test.com,Password123!
testuser474@test.com,Password123!
testuser475@test.com,Password123!
testuser476@test.com,Password123!
testuser477@test.com,Password123!
testuser478@test.com,Password123!
testuser479@test.com,Password123!
testuser480@test.com,Password123!
testuser481@test.com,Password123!
testuser482@test.com,Password123!
testuser483@test.com,Password123!
testuser484@test.com,Password123!
testuser485@test.com,Password123!
testuser486@test.com,Password123!
testuser487@test.com,Password123!
testuser488@test.com,Password123!
testuser489@test.com,Password123!
testuser490@test.com,Password123!
testuser491@test.com,Password123!
testuser492@test.com,Password123!
testuser493@test.com,Password123!
testuser494@test.com,Password123!
testuser495@test.com,Password123!
testuser496@test.com,Password123!
testuser497@test.com,Password123!
testuser498@test.com,Password123!
testuser499@test.com,Password123!
testuser500@test.com,Password123!
testuser501@test.com,Password123!
testuser502@test.com,Password123!
testuser503@test.com,Password123!
testuser504@test.com,Password123!
testuser505@test.com,Password123!
testuser506@test.com,Password123!
testuser507@test.com,Password123!
testuser508@test.com,Password123!
testuser509@test.com,Password123!
testuser510@test.com,Password123!
testuser511@test.com,Password123!
testuser512@test.com,Password123!
testuser513@test.com,Password123!
testuser514@test.com,Password123!
testuser515@test.com,Password123!
testuser516@test.com,Password123!
testuser517@test.com,Password123!
testuser518@test.com,Password123!
testuser519@test.com,Password123!
testuser520@test.com,Password123!
testuser521@test.com,Password123!
testuser522@test.com,Password123!
testuser523@test.com,Password123!
testuser524@test.com,Password123!
testuser525@test.com,Password123!
testuser526@test.com,Password123!
testuser527@test.com,Password123!
testuser528@test.com,Password123!
testuser529@test.com,Password123!
testuser530@test.com,Password123!
testuser531@test.com,Password123!
testuser532@test.com,Password123!
testuser533@test.com,Password123!
testuser534@test.com,Password123!
testuser535@test.com,Password123!
testuser536@test.com,Password123!
testuser537@test.com,Password123!
testuser538@test.com,Password123!
testuser539@test.com,Password123!
testuser540@test.com,Password123!
testuser541@test.com,Password123!
testuser542@test.com,Password123!
testuser543@test.com,Password123!
testuser544@test.com,Password123!
testuser545@test.com,Password123!
testuser546@test.com,Password123!
testuser547@test.com,Password123!
testuser548@test.com,Password123!
testuser549@test.com,Password123!
testuser550@test.com,Password123!
testuser551@test.com,Password123!
testuser552@test.com,Password123!
testuser553@test.com,Password123!
testuser554@test.com,Password123!
testuser555@test.com,Password123!
testuser556@test.com,Password123!
testuser557@test.com,Password123!
testuser558@test.com,Password123!
testuser559@test.com,Password123!
testuser560@test.com,Password123!
testuser561@test.com,Password123!
testuser562@test.com,Password123!
testuser563@test.com,Password123!
testuser564@test.com,Password123!
testuser565@test.com,Password123!
testuser566@test.com,Password123!
testuser567@test.com,Password123!
testuser568@test.com,Password123!
testuser569@test.com,Password123!
testuser570@test.com,Password123!
testuser571@test.com,Password123!
testuser572@test.com,Password123!
testuser573@test.com,Password123!
testuser574@test.com,Password123!
testuser575@test.com,Password123!
testuser576@test.com,Password123!
testuser577@test.com,Password123!
testuser578@test.com,Password123!
testuser579@test.com,Password123!
testuser580@test.com,Password123!
testuser581@test.com,Password123!
testuser582@test.com,Password123!
testuser583@test.com,Password123!
testuser584@test.com,Password123!
testuser585@test.com,Password123!
testuser586@test.com,Password123!
testuser587@test.com,Password123!
testuser588@test.com,Password123!
testuser589@test.com,Password123!
testuser590@test.com,Password123!
testuser591@test.com,Password123!
testuser592@test.com,Password123!
testuser593@test.com,Password123!
testuser594@test.com,Password123!
testuser595@test.com,Password123!
testuser596@test.com,Password123!
testuser597@test.com,Password123!
testuser598@test.com,Password123!
testuser599@test.com,Password123!
testuser600@test.com,Password123!
testuser601@test.com,Password123!
testuser602@test.com,Password123!
testuser603@test.com,Password123!
testuser604@test.com,Password123!
testuser605@test.com,Password123!
testuser606@test.com,Password123!
testuser607@test.com,Password123!
testuser608@test.com,Password123!
testuser609@test.com,Password123!
testuser610@test.com,Password123!
testuser611@test.com,Password123!
testuser612@test.com,Password123!
testuser613@test.com,Password123!
testuser614@test.com,Password123!
testuser615@test.com,Password123!
testuser616@test.com,Password123!
testuser617@test.com,Password123!
testuser618@test.com,Password123!
testuser619@test.com,Password123!
testuser620@test.com,Password123!
testuser621@test.com,Password123!
testuser622@test.com,Password123!
testuser623@test.com,Password123!
testuser624@test.com,Password123!
testuser625@test.com,Password123!
testuser626@test.com,Password123!
testuser627@test.com,Password123!
testuser628@test.com,Password123!
testuser629@test.com,Password123!
testuser630@test.com,Password123!
testuser631@test.com,Password123!
testuser632@test.com,Password123!
testuser633@test.com,Password123!
testuser634@test.com,Password123!
testuser635@test.com,Password123!
testuser636@test.com,Password123!
testuser637@test.com,Password123!
testuser638@test.com,Password123!
testuser639@test.com,Password123!
testuser640@test.com,Password123!
testuser641@test.com,Password123!
testuser642@test.com,Password123!
testuser643@test.com,Password123!
testuser644@test.com,Password123!
testuser645@test.com,Password123!
testuser646@test.com,Password123!
testuser647@test.com,Password123!
testuser648@test.com,Password123!
testuser649@test.com,Password123!
testuser650@test.com,Password123!
testuser651@test.com,Password123!
testuser652@test.com,Password123!
testuser653@test.com,Password123!
testuser654@test.com,Password123!
testuser655@test.com,Password123!
testuser656@test.com,Password123!
testuser657@test.com,Password123!
testuser658@test.com,Password123!
testuser659@test.com,Password123!
testuser660@test.com,Password123!
testuser661@test.com,Password123!
testuser662@test.com,Password123!
testuser663@test.com,Password123!
testuser664@test.com,Password123!
testuser665@test.com,Password123!
testuser666@test.com,Password123!
testuser667@test.com,Password123!
testuser668@test.com,Password123!
testuser669@test.com,Password123!
testuser670@test.com,Password123!
testuser671@test.com,Password123!
testuser672@test.com,Password123!
testuser673@test.com,Password123!
testuser674@test.com,Password123!
testuser675@test.com,Password123!
testuser676@test.com,Password123!
testuser677@test.com,Password123!
testuser678@test.com,Password123!
testuser679@test.com,Password123!
testuser680@test.com,Password123!
testuser681@test.com,Password123!
testuser682@test.com,Password123!
testuser683@test.com,Password123!
testuser684@test.com,Password123!
testuser685@test.com,Password123!
testuser686@test.com,Password123!
testuser687@test.com,Password123!
testuser688@test.com,Password123!
testuser689@test.com,Password123!
testuser690@test.com,Password123!
testuser691@test.com,Password123!
testuser692@test.com,Password123!
testuser693@test.com,Password123!
testuser694@test.com,Password123!
testuser695@test.com,Password123!
testuser696@test.com,Password123!
testuser697@test.com,Password123!
testuser698@test.com,Password123!
testuser699@test.com,Password123!
testuser700@test.com,Password123!
testuser701@test.com,Password123!
testuser702@test.com,Password123!
testuser703@test.com,Password123!
testuser704@test.com,Password123!
testuser705@test.com,Password123!
testuser706@test.com,Password123!
testuser707@test.com,Password123!
testuser708@test.com,Password123!
testuser709@test.com,Password123!
testuser710@test.com,Password123!
testuser711@test.com,Password123!
testuser712@test.com,Password123!
testuser713@test.com,Password123!
testuser714@test.com,Password123!
testuser715@test.com,Password123!
testuser716@test.com,Password123!
testuser717@test.com,Password123!
testuser718@test.com,Password123!
testuser719@test.com,Password123!
testuser720@test.com,Password123!
testuser721@test.com,Password123!
testuser722@test.com,Password123!
testuser723@test.com,Password123!
testuser724@test.com,Password123!
testuser725@test.com,Password123!
testuser726@test.com,Password123!
testuser727@test.com,Password123!
testuser728@test.com,Password123!
testuser729@test.com,Password123!
testuser730@test.com,Password123!
testuser731@test.com,Password123!
testuser732@test.com,Password123!
testuser733@test.com,Password123!
testuser734@test.com,Password123!
testuser735@test.com,Password123!
testuser736@test.com,Password123!
testuser737@test.com,Password123!
testuser738@test.com,Password123!
testuser739@test.com,Password123!
testuser740@test.com,Password123!
testuser741@test.com,Password123!
testuser742@test.com,Password123!
testuser743@test.com,Password123!
testuser744@test.com,Password123!
testuser745@test.com,Password123!
testuser746@test.com,Password123!
testuser747@test.com,Password123!
testuser748@test.com,Password123!
testuser749@test.com,Password123!
testuser750@test.com,Password123!
testuser751@test.com,Password123!
testuser752@test.com,Password123!
testuser753@test.com,Password123!
testuser754@test.com,Password123!
testuser755@test.com,Password123!
testuser756@test.com,Password123!
testuser757@test.com,Password123!
testuser758@test.com,Password123!
testuser759@test.com,Password123!
testuser760@test.com,Password123!
testuser761@test.com,Password123!
testuser762@test.com,Password123!
testuser763@test.com,Password123!
testuser764@test.com,Password123!
testuser765@test.com,Password123!
testuser766@test.com,Password123!
testuser767@test.com,Password123!
testuser768@test.com,Password123!
testuser769@test.com,Password123!
testuser770@test.com,Password123!
testuser771@test.com,Password123!
testuser772@test.com,Password123!
testuser773@test.com,Password123!
testuser774@test.com,Password123!
testuser775@test.com,Password123!
testuser776@test.com,Password123!
testuser777@test.com,Password123!
testuser778@test.com,Password123!
testuser779@test.com,Password123!
testuser780@test.com,Password123!
testuser781@test.com,Password123!
testuser782@test.com,Password123!
testuser783@test.com,Password123!
testuser784@test.com,Password123!
testuser785@test.com,Password123!
testuser786@test.com,Password123!
testuser787@test.com,Password123!
testuser788@test.com,Password123!
testuser789@test.com,Password123!
testuser790@test.com,Password123!
testuser791@test.com,Password123!
testuser792@test.com,Password123!
testuser793@test.com,Password123!
testuser794@test.com,Password123!
testuser795@test.com,Password123!
testuser796@test.com,Password123!
testuser797@test.com,Password123!
testuser798@test.com,Password123!
testuser799@test.com,Password123!
testuser800@test.com,Password123!
testuser801@test.com,Password123!
testuser802@test.com,Password123!
testuser803@test.com,Password123!
testuser804@test.com,Password123!
testuser805@test.com,Password123!
testuser806@test.com,Password123!
testuser807@test.com,Password123!
testuser808@test.com,Password123!
testuser809@test.com,Password123!
testuser810@test.com,Password123!
testuser811@test.com,Password123!
testuser812@test.com,Password123!
testuser813@test.com,Password123!
testuser814@test.com,Password123!
testuser815@test.com,Password123!
testuser816@test.com,Password123!
testuser817@test.com,Password123!
testuser818@test.com,Password123!
testuser819@test.com,Password123!
testuser820@test.com,Password123!
testuser821@test.com,Password123!
testuser822@test.com,Password123!
testuser823@test.com,Password123!
testuser824@test.com,Password123!
testuser825@test.com,Password123!
testuser826@test.com,Password123!
testuser827@test.com,Password123!
testuser828@test.com,Password123!
testuser829@test.com,Password123!
testuser830@test.com,Password123!
testuser831@test.com,Password123!
testuser832@test.com,Password123!
testuser833@test.com,Password123!
testuser834@test.com,Password123!
testuser835@test.com,Password123!
testuser836@test.com,Password123!
testuser837@test.com,Password123!
testuser838@test.com,Password123!
testuser839@test.com,Password123!
testuser840@test.com,Password123!
testuser841@test.com,Password123!
testuser842@test.com,Password123!
testuser843@test.com,Password123!
testuser844@test.com,Password123!
testuser845@test.com,Password123!
testuser846@test.com,Password123!
testuser847@test.com,Password123!
testuser848@test.com,Password123!
testuser849@test.com,Password123!
testuser850@test.com,Password123!
testuser851@test.com,Password123!
testuser852@test.com,Password123!
testuser853@test.com,Password123!
testuser854@test.com,Password123!
testuser855@test.com,Password123!
testuser856@test.com,Password123!
testuser857@test.com,Password123!
testuser858@test.com,Password123!
testuser859@test.com,Password123!
testuser860@test.com,Password123!
testuser861@test.com,Password123!
testuser862@test.com,Password123!
testuser863@test.com,Password123!
testuser864@test.com,Password123!
testuser865@test.com,Password123!
testuser866@test.com,Password123!
testuser867@test.com,Password123!
testuser868@test.com,Password123!
testuser869@test.com,Password123!
testuser870@test.com,Password123!
testuser871@test.com,Password123!
testuser872@test.com,Password123!
testuser873@test.com,Password123!
testuser874@test.com,Password123!
testuser875@test.com,Password123!
testuser876@test.com,Password123!
testuser877@test.com,Password123!
testuser878@test.com,Password123!
testuser879@test.com,Password123!
testuser880@test.com,Password123!
testuser881@test.com,Password123!
testuser882@test.com,Password123!
testuser883@test.com,Password123!
testuser884@test.com,Password123!
testuser885@test.com,Password123!
testuser886@test.com,Password123!
testuser887@test.com,Password123!
testuser888@test.com,Password123!
testuser889@test.com,Password123!
testuser890@test.com,Password123!
testuser891@test.com,Password123!
testuser892@test.com,Password123!
testuser893@test.com,Password123!
testuser894@test.com,Password123!
testuser895@test.com,Password123!
testuser896@test.com,Password123!
testuser897@test.com,Password123!
testuser898@test.com,Password123!
testuser899@test.com,Password123!
testuser900@test.com,Password123!
testuser901@test.com,Password123!
testuser902@test.com,Password123!
testuser903@test.com,Password123!
testuser904@test.com,Password123!
testuser905@test.com,Password123!
testuser906@test.com,Password123!
testuser907@test.com,Password123!
testuser908@test.com,Password123!
testuser909@test.com,Password123!
testuser910@test.com,Password123!
testuser911@test.com,Password123!
testuser912@test.com,Password123!
testuser913@test.com,Password123!
testuser914@test.com,Password123!
testuser915@test.com,Password123!
testuser916@test.com,Password123!
testuser917@test.com,Password123!
testuser918@test.com,Password123!
testuser919@test.com,Password123!
testuser920@test.com,Password123!
testuser921@test.com,Password123!
testuser922@test.com,Password123!
testuser923@test.com,Password123!
testuser924@test.com,Password123!
testuser925@test.com,Password123!
testuser926@test.com,Password123!
testuser927@test.com,Password123!
testuser928@test.com,Password123!
testuser929@test.com,Password123!
testuser930@test.com,Password123!
testuser931@test.com,Password123!
testuser932@test.com,Password123!
testuser933@test.com,Password123!
testuser934@test.com,Password123!
testuser935@test.com,Password123!
testuser936@test.com,Password123!
testuser937@test.com,Password123!
testuser938@test.com,Password123!
testuser939@test.com,Password123!
testuser940@test.com,Password123!
testuser941@test.com,Password123!
testuser942@test.com,Password123!
testuser943@test.com,Password123!
testuser944@test.com,Password123!
testuser945@test.com,Password123!
testuser946@test.com,Password123!
testuser947@test.com,Password123!
testuser948@test.com,Password123!
testuser949@test.com,Password123!
testuser950@test.com,Password123!
testuser951@test.com,Password123!
testuser952@test.com,Password123!
testuser953@test.com,Password123!
testuser954@test.com,Password123!
testuser955@test.com,Password123!
testuser956@test.com,Password123!
testuser957@test.com,Password123!
testuser958@test.com,Password123!
testuser959@test.com,Password123!
testuser960@test.com,Password123!
testuser961@test.com,Password123!
testuser962@test.com,Password123!
testuser963@test.com,Password123!
testuser964@test.com,Password123!
testuser965@test.com,Password123!
testuser966@test.com,Password123!
testuser967@test.com,Password123!
testuser968@test.com,Password123!
testuser969@test.com,Password123!
testuser970@test.com,Password123!
testuser971@test.com,Password123!
testuser972@test.com,Password123!
testuser973@test.com,Password123!
testuser974@test.com,Password123!
testuser975@test.com,Password123!
testuser976@test.com,Password123!
testuser977@test.com,Password123!
testuser978@test.com,Password123!
testuser979@test.com,Password123!
testuser980@test.com,Password123!
testuser981@test.com,Password123!
testuser982@test.com,Password123!
testuser983@test.com,Password123!
testuser984@test.com,Password123!
testuser985@test.com,Password123!
testuser986@test.com,Password123!
testuser987@test.com,Password123!
testuser988@test.com,Password123!
testuser989@test.com,Password123!
testuser990@test.com,Password123!
testuser991@test.com,Password123!
testuser992@test.com,Password123!
testuser993@test.com,Password123!
testuser994@test.com,Password123!
testuser995@test.com,Password123!
testuser996@test.com,Password123!
testuser997@test.com,Password123!
testuser998@test.com,Password123!
testuser999@test.com,Password123!
testuser1000@test.com,Password123!
testuser1001@test.com,Password123!
testuser1002@test.com,Password123!
testuser1003@test.com,Password123!
testuser1004@test.com,Password123!
testuser1005@test.com,Password123!
testuser1006@test.com,Password123!
testuser1007@test.com,Password123!
testuser1008@test.com,Password123!
testuser1009@test.com,Password123!
testuser1010@test.com,Password123!
testuser1011@test.com,Password123!
testuser1012@test.com,Password123!
testuser1013@test.com,Password123!
testuser1014@test.com,Password123!
testuser1015@test.com,Password123!
testuser1016@test.com,Password123!
testuser1017@test.com,Password123!
testuser1018@test.com,Password123!
testuser1019@test.com,Password123!
testuser1020@test.com,Password123!
testuser1021@test.com,Password123!
testuser1022@test.com,Password123!
testuser1023@test.com,Password123!
testuser1024@test.com,Password123!
testuser1025@test.com,Password123!
testuser1026@test.com,Password123!
testuser1027@test.com,Password123!
testuser1028@test.com,Password123!
testuser1029@test.com,Password123!
testuser1030@test.com,Password123!
testuser1031@test.com,Password123!
testuser1032@test.com,Password123!
testuser1033@test.com,Password123!
testuser1034@test.com,Password123!
testuser1035@test.com,Password123!
testuser1036@test.com,Password123!
testuser1037@test.com,Password123!
testuser1038@test.com,Password123!
testuser1039@test.com,Password123!
testuser1040@test.com,Password123!
testuser1041@test.com,Password123!
testuser1042@test.com,Password123!
testuser1043@test.com,Password123!
testuser1044@test.com,Password123!
testuser1045@test.com,Password123!
testuser1046@test.com,Password123!
testuser1047@test.com,Password123!
testuser1048@test.com,Password123!
testuser1049@test.com,Password123!
testuser1050@test.com,Password123!
testuser1051@test.com,Password123!
testuser1052@test.com,Password123!
testuser1053@test.com,Password123!
testuser1054@test.com,Password123!
testuser1055@test.com,Password123!
testuser1056@test.com,Password123!
testuser1057@test.com,Password123!
testuser1058@test.com,Password123!
testuser1059@test.com,Password123!
testuser1060@test.com,Password123!
testuser1061@test.com,Password123!
testuser1062@test.com,Password123!
testuser1063@test.com,Password123!
testuser1064@test.com,Password123!
testuser1065@test.com,Password123!
testuser1066@test.com,Password123!
testuser1067@test.com,Password123!
testuser1068@test.com,Password123!
testuser1069@test.com,Password123!
testuser1070@test.com,Password123!
testuser1071@test.com,Password123!
testuser1072@test.com,Password123!
testuser1073@test.com,Password123!
testuser1074@test.com,Password123!
testuser1075@test.com,Password123!
testuser1076@test.com,Password123!
testuser1077@test.com,Password123!
testuser1078@test.com,Password123!
testuser1079@test.com,Password123!
testuser1080@test.com,Password123!
testuser1081@test.com,Password123!
testuser1082@test.com,Password123!
testuser1083@test.com,Password123!
testuser1084@test.com,Password123!
testuser1085@test.com,Password123!
testuser1086@test.com,Password123!
testuser1087@test.com,Password123!
testuser1088@test.com,Password123!
testuser1089@test.com,Password123!
testuser1090@test.com,Password123!
testuser1091@test.com,Password123!
testuser1092@test.com,Password123!
testuser1093@test.com,Password123!
testuser1094@test.com,Password123!
testuser1095@test.com,Password123!
testuser1096@test.com,Password123!
testuser1097@test.com,Password123!
testuser1098@test.com,Password123!
testuser1099@test.com,Password123!
testuser1100@test.com,Password123!
testuser1101@test.com,Password123!
testuser1102@test.com,Password123!
testuser1103@test.com,Password123!
testuser1104@test.com,Password123!
testuser1105@test.com,Password123!
testuser1106@test.com,Password123!
testuser1107@test.com,Password123!
testuser1108@test.com,Password123!
testuser1109@test.com,Password123!
testuser1110@test.com,Password123!
testuser1111@test.com,Password123!
testuser1112@test.com,Password123!
testuser1113@test.com,Password123!
testuser1114@test.com,Password123!
testuser1115@test.com,Password123!
testuser1116@test.com,Password123!
testuser1117@test.com,Password123!
testuser1118@test.com,Password123!
testuser1119@test.com,Password123!
testuser1120@test.com,Password123!
testuser1121@test.com,Password123!
testuser1122@test.com,Password123!
testuser1123@test.com,Password123!
testuser1124@test.com,Password123!
testuser1125@test.com,Password123!
testuser1126@test.com,Password123!
testuser1127@test.com,Password123!
testuser1128@test.com,Password123!
testuser1129@test.com,Password123!
testuser1130@test.com,Password123!
testuser1131@test.com,Password123!
testuser1132@test.com,Password123!
testuser1133@test.com,Password123!
testuser1134@test.com,Password123!
testuser1135@test.com,Password123!
testuser1136@test.com,Password123!
testuser1137@test.com,Password123!
testuser1138@test.com,Password123!
testuser1139@test.com,Password123!
testuser1140@test.com,Password123!
testuser1141@test.com,Password123!
testuser1142@test.com,Password123!
testuser1143@test.com,Password123!
testuser1144@test.com,Password123!
testuser1145@test.com,Password123!
testuser1146@test.com,Password123!
testuser1147@test.com,Password123!
testuser1148@test.com,Password123!
testuser1149@test.com,Password123!
testuser1150@test.com,Password123!
testuser1151@test.com,Password123!
testuser1152@test.com,Password123!
testuser1153@test.com,Password123!
testuser1154@test.com,Password123!
testuser1155@test.com,Password123!
testuser1156@test.com,Password123!
testuser1157@test.com,Password123!
testuser1158@test.com,Password123!
testuser1159@test.com,Password123!
testuser1160@test.com,Password123!
testuser1161@test.com,Password123!
testuser1162@test.com,Password123!
testuser1163@test.com,Password123!
testuser1164@test.com,Password123!
testuser1165@test.com,Password123!
testuser1166@test.com,Password123!
testuser1167@test.com,Password123!
testuser1168@test.com,Password123!
testuser1169@test.com,Password123!
testuser1170@test.com,Password123!
testuser1171@test.com,Password123!
testuser1172@test.com,Password123!
testuser1173@test.com,Password123!
testuser1174@test.com,Password123!
testuser1175@test.com,Password123!
testuser1176@test.com,Password123!
testuser1177@test.com,Password123!
testuser1178@test.com,Password123!
testuser1179@test.com,Password123!
testuser1180@test.com,Password123!
testuser1181@test.com,Password123!
testuser1182@test.com,Password123!
testuser1183@test.com,Password123!
testuser1184@test.com,Password123!
testuser1185@test.com,Password123!
testuser1186@test.com,Password123!
testuser1187@test.com,Password123!
testuser1188@test.com,Password123!
testuser1189@test.com,Password123!
testuser1190@test.com,Password123!
testuser1191@test.com,Password123!
testuser1192@test.com,Password123!
testuser1193@test.com,Password123!
testuser1194@test.com,Password123!
testuser1195@test.com,Password123!
testuser1196@test.com,Password123!
testuser1197@test.com,Password123!
testuser1198@test.com,Password123!
testuser1199@test.com,Password123!
testuser1200@test.com,Password123!
testuser1201@test.com,Password123!
testuser1202@test.com,Password123!
testuser1203@test.com,Password123!
testuser1204@test.com,Password123!
testuser1205@test.com,Password123!
testuser1206@test.com,Password123!
testuser1207@test.com,Password123!
testuser1208@test.com,Password123!
testuser1209@test.com,Password123!
testuser1210@test.com,Password123!
testuser1211@test.com,Password123!
testuser1212@test.com,Password123!
testuser1213@test.com,Password123!
testuser1214@test.com,Password123!
testuser1215@test.com,Password123!
testuser1216@test.com,Password123!
testuser1217@test.com,Password123!
testuser1218@test.com,Password123!
testuser1219@test.com,Password123!
testuser1220@test.com,Password123!
testuser1221@test.com,Password123!
testuser1222@test.com,Password123!
testuser1223@test.com,Password123!
testuser1224@test.com,Password123!
testuser1225@test.com,Password123!
testuser1226@test.com,Password123!
testuser1227@test.com,Password123!
testuser1228@test.com,Password123!
testuser1229@test.com,Password123!
testuser1230@test.com,Password123!
testuser1231@test.com,Password123!
testuser1232@test.com,Password123!
testuser1233@test.com,Password123!
testuser1234@test.com,Password123!
testuser1235@test.com,Password123!
testuser1236@test.com,Password123!
testuser1237@test.com,Password123!
testuser1238@test.com,Password123!
testuser1239@test.com,Password123!
testuser1240@test.com,Password123!
testuser1241@test.com,Password123!
testuser1242@test.com,Password123!
testuser1243@test.com,Password123!
testuser1244@test.com,Password123!
testuser1245@test.com,Password123!
testuser1246@test.com,Password123!
testuser1247@test.com,Password123!
testuser1248@test.com,Password123!
testuser1249@test.com,Password123!
testuser1250@test.com,Password123!
testuser1251@test.com,Password123!
testuser1252@test.com,Password123!
testuser1253@test.com,Password123!
testuser1254@test.com,Password123!
testuser1255@test.com,Password123!
testuser1256@test.com,Password123!
testuser1257@test.com,Password123!
testuser1258@test.com,Password123!
testuser1259@test.com,Password123!
testuser1260@test.com,Password123!
testuser1261@test.com,Password123!
testuser1262@test.com,Password123!
testuser1263@test.com,Password123!
testuser1264@test.com,Password123!
testuser1265@test.com,Password123!
testuser1266@test.com,Password123!
testuser1267@test.com,Password123!
testuser1268@test.com,Password123!
testuser1269@test.com,Password123!
testuser1270@test.com,Password123!
testuser1271@test.com,Password123!
testuser1272@test.com,Password123!
testuser1273@test.com,Password123!
testuser1274@test.com,Password123!
testuser1275@test.com,Password123!
testuser1276@test.com,Password123!
testuser1277@test.com,Password123!
testuser1278@test.com,Password123!
testuser1279@test.com,Password123!
testuser1280@test.com,Password123!
testuser1281@test.com,Password123!
testuser1282@test.com,Password123!
testuser1283@test.com,Password123!
testuser1284@test.com,Password123!
testuser1285@test.com,Password123!
testuser1286@test.com,Password123!
testuser1287@test.com,Password123!
testuser1288@test.com,Password123!
testuser1289@test.com,Password123!
testuser1290@test.com,Password123!
testuser1291@test.com,Password123!
testuser1292@test.com,Password123!
testuser1293@test.com,Password123!
testuser1294@test.com,Password123!
testuser1295@test.com,Password123!
testuser1296@test.com,Password123!
testuser1297@test.com,Password123!
testuser1298@test.com,Password123!
testuser1299@test.com,Password123!
testuser1300@test.com,Password123!
testuser1301@test.com,Password123!
testuser1302@test.com,Password123!
testuser1303@test.com,Password123!
testuser1304@test.com,Password123!
testuser1305@test.com,Password123!
testuser1306@test.com,Password123!
testuser1307@test.com,Password123!
testuser1308@test.com,Password123!
testuser1309@test.com,Password123!
testuser1310@test.com,Password123!
testuser1311@test.com,Password123!
testuser1312@test.com,Password123!
testuser1313@test.com,Password123!
testuser1314@test.com,Password123!
testuser1315@test.com,Password123!
testuser1316@test.com,Password123!
testuser1317@test.com,Password123!
testuser1318@test.com,Password123!
testuser1319@test.com,Password123!
testuser1320@test.com,Password123!
testuser1321@test.com,Password123!
testuser1322@test.com,Password123!
testuser1323@test.com,Password123!
testuser1324@test.com,Password123!
testuser1325@test.com,Password123!
testuser1326@test.com,Password123!
testuser1327@test.com,Password123!
testuser1328@test.com,Password123!
testuser1329@test.com,Password123!
testuser1330@test.com,Password123!
testuser1331@test.com,Password123!
testuser1332@test.com,Password123!
testuser1333@test.com,Password123!
testuser1334@test.com,Password123!
testuser1335@test.com,Password123!
testuser1336@test.com,Password123!
testuser1337@test.com,Password123!
testuser1338@test.com,Password123!
testuser1339@test.com,Password123!
testuser1340@test.com,Password123!
testuser1341@test.com,Password123!
testuser1342@test.com,Password123!
testuser1343@test.com,Password123!
testuser1344@test.com,Password123!
testuser1345@test.com,Password123!
testuser1346@test.com,Password123!
testuser1347@test.com,Password123!
testuser1348@test.com,Password123!
testuser1349@test.com,Password123!
testuser1350@test.com,Password123!
testuser1351@test.com,Password123!
testuser1352@test.com,Password123!
testuser1353@test.com,Password123!
testuser1354@test.com,Password123!
testuser1355@test.com,Password123!
testuser1356@test.com,Password123!
testuser1357@test.com,Password123!
testuser1358@test.com,Password123!
testuser1359@test.com,Password123!
testuser1360@test.com,Password123!
testuser1361@test.com,Password123!
testuser1362@test.com,Password123!
testuser1363@test.com,Password123!
testuser1364@test.com,Password123!
testuser1365@test.com,Password123!
testuser1366@test.com,Password123!
testuser1367@test.com,Password123!
testuser1368@test.com,Password123!
testuser1369@test.com,Password123!
testuser1370@test.com,Password123!
testuser1371@test.com,Password123!
testuser1372@test.com,Password123!
testuser1373@test.com,Password123!
testuser1374@test.com,Password123!
testuser1375@test.com,Password123!
testuser1376@test.com,Password123!
testuser1377@test.com,Password123!
testuser1378@test.com,Password123!
testuser1379@test.com,Password123!
testuser1380@test.com,Password123!
testuser1381@test.com,Password123!
testuser1382@test.com,Password123!
testuser1383@test.com,Password123!
testuser1384@test.com,Password123!
testuser1385@test.com,Password123!
testuser1386@test.com,Password123!
testuser1387@test.com,Password123!
testuser1388@test.com,Password123!
testuser1389@test.com,Password123!
testuser1390@test.com,Password123!
testuser1391@test.com,Password123!
testuser1392@test.com,Password123!
testuser1393@test.com,Password123!
testuser1394@test.com,Password123!
testuser1395@test.com,Password123!
testuser1396@test.com,Password123!
testuser1397@test.com,Password123!
testuser1398@test.com,Password123!
testuser1399@test.com,Password123!
testuser1400@test.com,Password123!
testuser1401@test.com,Password123!
testuser1402@test.com,Password123!
testuser1403@test.com,Password123!
testuser1404@test.com,Password123!
testuser1405@test.com,Password123!
testuser1406@test.com,Password123!
testuser1407@test.com,Password123!
testuser1408@test.com,Password123!
testuser1409@test.com,Password123!
testuser1410@test.com,Password123!
testuser1411@test.com,Password123!
testuser1412@test.com,Password123!
testuser1413@test.com,Password123!
testuser1414@test.com,Password123!
testuser1415@test.com,Password123!
testuser1416@test.com,Password123!
testuser1417@test.com,Password123!
testuser1418@test.com,Password123!
testuser1419@test.com,Password123!
testuser1420@test.com,Password123!
testuser1421@test.com,Password123!
testuser1422@test.com,Password123!
testuser1423@test.com,Password123!
testuser1424@test.com,Password123!
testuser1425@test.com,Password123!
testuser1426@test.com,Password123!
testuser1427@test.com,Password123!
testuser1428@test.com,Password123!
testuser1429@test.com,Password123!
testuser1430@test.com,Password123!
testuser1431@test.com,Password123!
testuser1432@test.com,Password123!
testuser1433@test.com,Password123!
testuser1434@test.com,Password123!
testuser1435@test.com,Password123!
testuser1436@test.com,Password123!
testuser1437@test.com,Password123!
testuser1438@test.com,Password123!
testuser1439@test.com,Password123!
testuser1440@test.com,Password123!
testuser1441@test.com,Password123!
testuser1442@test.com,Password123!
testuser1443@test.com,Password123!
testuser1444@test.com,Password123!
testuser1445@test.com,Password123!
testuser1446@test.com,Password123!
testuser1447@test.com,Password123!
testuser1448@test.com,Password123!
testuser1449@test.com,Password123!
testuser1450@test.com,Password123!
testuser1451@test.com,Password123!
testuser1452@test.com,Password123!
testuser1453@test.com,Password123!
testuser1454@test.com,Password123!
testuser1455@test.com,Password123!
testuser1456@test.com,Password123!
testuser1457@test.com,Password123!
testuser1458@test.com,Password123!
testuser1459@test.com,Password123!
testuser1460@test.com,Password123!
testuser1461@test.com,Password123!
testuser1462@test.com,Password123!
testuser1463@test.com,Password123!
testuser1464@test.com,Password123!
testuser1465@test.com,Password123!
testuser1466@test.com,Password123!
testuser1467@test.com,Password123!
testuser1468@test.com,Password123!
testuser1469@test.com,Password123!
testuser1470@test.com,Password123!
testuser1471@test.com,Password123!
testuser1472@test.com,Password123!
testuser1473@test.com,Password123!
testuser1474@test.com,Password123!
testuser1475@test.com,Password123!
testuser1476@test.com,Password123!
testuser1477@test.com,Password123!
testuser1478@test.com,Password123!
testuser1479@test.com,Password123!
testuser1480@test.com,Password123!
testuser1481@test.com,Password123!
testuser1482@test.com,Password123!
testuser1483@test.com,Password123!
testuser1484@test.com,Password123!
testuser1485@test.com,Password123!
testuser1486@test.com,Password123!
testuser1487@test.com,Password123!
testuser1488@test.com,Password123!
testuser1489@test.com,Password123!
testuser1490@test.com,Password123!
testuser1491@test.com,Password123!
testuser1492@test.com,Password123!
testuser1493@test.com,Password123!
testuser1494@test.com,Password123!
testuser1495@test.com,Password123!
testuser1496@test.com,Password123!
testuser1497@test.com,Password123!
testuser1498@test.com,Password123!
testuser1499@test.com,Password123!
testuser1500@test.com,Password123!
testuser1501@test.com,Password123!
testuser1502@test.com,Password123!
testuser1503@test.com,Password123!
testuser1504@test.com,Password123!
testuser1505@test.com,Password123!
testuser1506@test.com,Password123!
testuser1507@test.com,Password123!
testuser1508@test.com,Password123!
testuser1509@test.com,Password123!
testuser1510@test.com,Password123!
testuser1511@test.com,Password123!
testuser1512@test.com,Password123!
testuser1513@test.com,Password123!
testuser1514@test.com,Password123!
testuser1515@test.com,Password123!
testuser1516@test.com,Password123!
testuser1517@test.com,Password123!
testuser1518@test.com,Password123!
testuser1519@test.com,Password123!
testuser1520@test.com,Password123!
testuser1521@test.com,Password123!
testuser1522@test.com,Password123!
testuser1523@test.com,Password123!
testuser1524@test.com,Password123!
testuser1525@test.com,Password123!
testuser1526@test.com,Password123!
testuser1527@test.com,Password123!
testuser1528@test.com,Password123!
testuser1529@test.com,Password123!
testuser1530@test.com,Password123!
testuser1531@test.com,Password123!
testuser1532@test.com,Password123!
testuser1533@test.com,Password123!
testuser1534@test.com,Password123!
testuser1535@test.com,Password123!
testuser1536@test.com,Password123!
testuser1537@test.com,Password123!
testuser1538@test.com,Password123!
testuser1539@test.com,Password123!
testuser1540@test.com,Password123!
testuser1541@test.com,Password123!
testuser1542@test.com,Password123!
testuser1543@test.com,Password123!
testuser1544@test.com,Password123!
testuser1545@test.com,Password123!
testuser1546@test.com,Password123!
testuser1547@test.com,Password123!
testuser1548@test.com,Password123!
testuser1549@test.com,Password123!
testuser1550@test.com,Password123!
testuser1551@test.com,Password123!
testuser1552@test.com,Password123!
testuser1553@test.com,Password123!
testuser1554@test.com,Password123!
testuser1555@test.com,Password123!
testuser1556@test.com,Password123!
testuser1557@test.com,Password123!
testuser1558@test.com,Password123!
testuser1559@test.com,Password123!
testuser1560@test.com,Password123!
testuser1561@test.com,Password123!
testuser1562@test.com,Password123!
testuser1563@test.com,Password123!
testuser1564@test.com,Password123!
testuser1565@test.com,Password123!
testuser1566@test.com,Password123!
testuser1567@test.com,Password123!
testuser1568@test.com,Password123!
testuser1569@test.com,Password123!
testuser1570@test.com,Password123!
testuser1571@test.com,Password123!
testuser1572@test.com,Password123!
testuser1573@test.com,Password123!
testuser1574@test.com,Password123!
testuser1575@test.com,Password123!
testuser1576@test.com,Password123!
testuser1577@test.com,Password123!
testuser1578@test.com,Password123!
testuser1579@test.com,Password123!
testuser1580@test.com,Password123!
testuser1581@test.com,Password123!
testuser1582@test.com,Password123!
testuser1583@test.com,Password123!
testuser1584@test.com,Password123!
testuser1585@test.com,Password123!
testuser1586@test.com,Password123!
testuser1587@test.com,Password123!
testuser1588@test.com,Password123!
testuser1589@test.com,Password123!
testuser1590@test.com,Password123!
testuser1591@test.com,Password123!
testuser1592@test.com,Password123!
testuser1593@test.com,Password123!
testuser1594@test.com,Password123!
testuser1595@test.com,Password123!
testuser1596@test.com,Password123!
testuser1597@test.com,Password123!
testuser1598@test.com,Password123!
testuser1599@test.com,Password123!
testuser1600@test.com,Password123!
testuser1601@test.com,Password123!
testuser1602@test.com,Password123!
testuser1603@test.com,Password123!
testuser1604@test.com,Password123!
testuser1605@test.com,Password123!
testuser1606@test.com,Password123!
testuser1607@test.com,Password123!
testuser1608@test.com,Password123!
testuser1609@test.com,Password123!
testuser1610@test.com,Password123!
testuser1611@test.com,Password123!
testuser1612@test.com,Password123!
testuser1613@test.com,Password123!
testuser1614@test.com,Password123!
testuser1615@test.com,Password123!
testuser1616@test.com,Password123!
testuser1617@test.com,Password123!
testuser1618@test.com,Password123!
testuser1619@test.com,Password123!
testuser1620@test.com,Password123!
testuser1621@test.com,Password123!
testuser1622@test.com,Password123!
testuser1623@test.com,Password123!
testuser1624@test.com,Password123!
testuser1625@test.com,Password123!
testuser1626@test.com,Password123!
testuser1627@test.com,Password123!
testuser1628@test.com,Password123!
testuser1629@test.com,Password123!
testuser1630@test.com,Password123!
testuser1631@test.com,Password123!
testuser1632@test.com,Password123!
testuser1633@test.com,Password123!
testuser1634@test.com,Password123!
testuser1635@test.com,Password123!
testuser1636@test.com,Password123!
testuser1637@test.com,Password123!
testuser1638@test.com,Password123!
testuser1639@test.com,Password123!
testuser1640@test.com,Password123!
testuser1641@test.com,Password123!
testuser1642@test.com,Password123!
testuser1643@test.com,Password123!
testuser1644@test.com,Password123!
testuser1645@test.com,Password123!
testuser1646@test.com,Password123!
testuser1647@test.com,Password123!
testuser1648@test.com,Password123!
testuser1649@test.com,Password123!
testuser1650@test.com,Password123!
testuser1651@test.com,Password123!
testuser1652@test.com,Password123!
testuser1653@test.com,Password123!
testuser1654@test.com,Password123!
testuser1655@test.com,Password123!
testuser1656@test.com,Password123!
testuser1657@test.com,Password123!
testuser1658@test.com,Password123!
testuser1659@test.com,Password123!
testuser1660@test.com,Password123!
testuser1661@test.com,Password123!
testuser1662@test.com,Password123!
testuser1663@test.com,Password123!
testuser1664@test.com,Password123!
testuser1665@test.com,Password123!
testuser1666@test.com,Password123!
testuser1667@test.com,Password123!
testuser1668@test.com,Password123!
testuser1669@test.com,Password123!
testuser1670@test.com,Password123!
testuser1671@test.com,Password123!
testuser1672@test.com,Password123!
testuser1673@test.com,Password123!
testuser1674@test.com,Password123!
testuser1675@test.com,Password123!
testuser1676@test.com,Password123!
testuser1677@test.com,Password123!
testuser1678@test.com,Password123!
testuser1679@test.com,Password123!
testuser1680@test.com,Password123!
testuser1681@test.com,Password123!
testuser1682@test.com,Password123!
testuser1683@test.com,Password123!
testuser1684@test.com,Password123!
testuser1685@test.com,Password123!
testuser1686@test.com,Password123!
testuser1687@test.com,Password123!
testuser1688@test.com,Password123!
testuser1689@test.com,Password123!
testuser1690@test.com,Password123!
testuser1691@test.com,Password123!
testuser1692@test.com,Password123!
testuser1693@test.com,Password123!
testuser1694@test.com,Password123!
testuser1695@test.com,Password123!
testuser1696@test.com,Password123!
testuser1697@test.com,Password123!
testuser1698@test.com,Password123!
testuser1699@test.com,Password123!
testuser1700@test.com,Password123!
testuser1701@test.com,Password123!
testuser1702@test.com,Password123!
testuser1703@test.com,Password123!
testuser1704@test.com,Password123!
testuser1705@test.com,Password123!
testuser1706@test.com,Password123!
testuser1707@test.com,Password123!
testuser1708@test.com,Password123!
testuser1709@test.com,Password123!
testuser1710@test.com,Password123!
testuser1711@test.com,Password123!
testuser1712@test.com,Password123!
testuser1713@test.com,Password123!
testuser1714@test.com,Password123!
testuser1715@test.com,Password123!
testuser1716@test.com,Password123!
testuser1717@test.com,Password123!
testuser1718@test.com,Password123!
testuser1719@test.com,Password123!
testuser1720@test.com,Password123!
testuser1721@test.com,Password123!
testuser1722@test.com,Password123!
testuser1723@test.com,Password123!
testuser1724@test.com,Password123!
testuser1725@test.com,Password123!
testuser1726@test.com,Password123!
testuser1727@test.com,Password123!
testuser1728@test.com,Password123!
testuser1729@test.com,Password123!
testuser1730@test.com,Password123!
testuser1731@test.com,Password123!
testuser1732@test.com,Password123!
testuser1733@test.com,Password123!
testuser1734@test.com,Password123!
testuser1735@test.com,Password123!
testuser1736@test.com,Password123!
testuser1737@test.com,Password123!
testuser1738@test.com,Password123!
testuser1739@test.com,Password123!
testuser1740@test.com,Password123!
testuser1741@test.com,Password123!
testuser1742@test.com,Password123!
testuser1743@test.com,Password123!
testuser1744@test.com,Password123!
testuser1745@test.com,Password123!
testuser1746@test.com,Password123!
testuser1747@test.com,Password123!
testuser1748@test.com,Password123!
testuser1749@test.com,Password123!
testuser1750@test.com,Password123!
testuser1751@test.com,Password123!
testuser1752@test.com,Password123!
testuser1753@test.com,Password123!
testuser1754@test.com,Password123!
testuser1755@test.com,Password123!
testuser1756@test.com,Password123!
testuser1757@test.com,Password123!
testuser1758@test.com,Password123!
testuser1759@test.com,Password123!
testuser1760@test.com,Password123!
testuser1761@test.com,Password123!
testuser1762@test.com,Password123!
testuser1763@test.com,Password123!
testuser1764@test.com,Password123!
testuser1765@test.com,Password123!
testuser1766@test.com,Password123!
testuser1767@test.com,Password123!
testuser1768@test.com,Password123!
testuser1769@test.com,Password123!
testuser1770@test.com,Password123!
testuser1771@test.com,Password123!
testuser1772@test.com,Password123!
testuser1773@test.com,Password123!
testuser1774@test.com,Password123!
testuser1775@test.com,Password123!
testuser1776@test.com,Password123!
testuser1777@test.com,Password123!
testuser1778@test.com,Password123!
testuser1779@test.com,Password123!
testuser1780@test.com,Password123!
testuser1781@test.com,Password123!
testuser1782@test.com,Password123!
testuser1783@test.com,Password123!
testuser1784@test.com,Password123!
testuser1785@test.com,Password123!
testuser1786@test.com,Password123!
testuser1787@test.com,Password123!
testuser1788@test.com,Password123!
testuser1789@test.com,Password123!
testuser1790@test.com,Password123!
testuser1791@test.com,Password123!
testuser1792@test.com,Password123!
testuser1793@test.com,Password123!
testuser1794@test.com,Password123!
testuser1795@test.com,Password123!
testuser1796@test.com,Password123!
testuser1797@test.com,Password123!
testuser1798@test.com,Password123!
testuser1799@test.com,Password123!
testuser1800@test.com,Password123!
testuser1801@test.com,Password123!
testuser1802@test.com,Password123!
testuser1803@test.com,Password123!
testuser1804@test.com,Password123!
testuser1805@test.com,Password123!
testuser1806@test.com,Password123!
testuser1807@test.com,Password123!
testuser1808@test.com,Password123!
testuser1809@test.com,Password123!
testuser1810@test.com,Password123!
testuser1811@test.com,Password123!
testuser1812@test.com,Password123!
testuser1813@test.com,Password123!
testuser1814@test.com,Password123!
testuser1815@test.com,Password123!
testuser1816@test.com,Password123!
testuser1817@test.com,Password123!
testuser1818@test.com,Password123!
testuser1819@test.com,Password123!
testuser1820@test.com,Password123!
testuser1821@test.com,Password123!
testuser1822@test.com,Password123!
testuser1823@test.com,Password123!
testuser1824@test.com,Password123!
testuser1825@test.com,Password123!
testuser1826@test.com,Password123!
testuser1827@test.com,Password123!
testuser1828@test.com,Password123!
testuser1829@test.com,Password123!
testuser1830@test.com,Password123!
testuser1831@test.com,Password123!
testuser1832@test.com,Password123!
testuser1833@test.com,Password123!
testuser1834@test.com,Password123!
testuser1835@test.com,Password123!
testuser1836@test.com,Password123!
testuser1837@test.com,Password123!
testuser1838@test.com,Password123!
testuser1839@test.com,Password123!
testuser1840@test.com,Password123!
testuser1841@test.com,Password123!
testuser1842@test.com,Password123!
testuser1843@test.com,Password123!
testuser1844@test.com,Password123!
testuser1845@test.com,Password123!
testuser1846@test.com,Password123!
testuser1847@test.com,Password123!
testuser1848@test.com,Password123!
testuser1849@test.com,Password123!
testuser1850@test.com,Password123!
testuser1851@test.com,Password123!
testuser1852@test.com,Password123!
testuser1853@test.com,Password123!
testuser1854@test.com,Password123!
testuser1855@test.com,Password123!
testuser1856@test.com,Password123!
testuser1857@test.com,Password123!
testuser1858@test.com,Password123!
testuser1859@test.com,Password123!
testuser1860@test.com,Password123!
testuser1861@test.com,Password123!
testuser1862@test.com,Password123!
testuser1863@test.com,Password123!
testuser1864@test.com,Password123!
testuser1865@test.com,Password123!
testuser1866@test.com,Password123!
testuser1867@test.com,Password123!
testuser1868@test.com,Password123!
testuser1869@test.com,Password123!
testuser1870@test.com,Password123!
testuser1871@test.com,Password123!
testuser1872@test.com,Password123!
testuser1873@test.com,Password123!
testuser1874@test.com,Password123!
testuser1875@test.com,Password123!
testuser1876@test.com,Password123!
testuser1877@test.com,Password123!
testuser1878@test.com,Password123!
testuser1879@test.com,Password123!
testuser1880@test.com,Password123!
testuser1881@test.com,Password123!
testuser1882@test.com,Password123!
testuser1883@test.com,Password123!
testuser1884@test.com,Password123!
testuser1885@test.com,Password123!
testuser1886@test.com,Password123!
testuser1887@test.com,Password123!
testuser1888@test.com,Password123!
testuser1889@test.com,Password123!
testuser1890@test.com,Password123!
testuser1891@test.com,Password123!
testuser1892@test.com,Password123!
testuser1893@test.com,Password123!
testuser1894@test.com,Password123!
testuser1895@test.com,Password123!
testuser1896@test.com,Password123!
testuser1897@test.com,Password123!
testuser1898@test.com,Password123!
testuser1899@test.com,Password123!
testuser1900@test.com,Password123!
testuser1901@test.com,Password123!
testuser1902@test.com,Password123!
testuser1903@test.com,Password123!
testuser1904@test.com,Password123!
testuser1905@test.com,Password123!
testuser1906@test.com,Password123!
testuser1907@test.com,Password123!
testuser1908@test.com,Password123!
testuser1909@test.com,Password123!
testuser1910@test.com,Password123!
testuser1911@test.com,Password123!
testuser1912@test.com,Password123!
testuser1913@test.com,Password123!
testuser1914@test.com,Password123!
testuser1915@test.com,Password123!
testuser1916@test.com,Password123!
testuser1917@test.com,Password123!
testuser1918@test.com,Password123!
testuser1919@test.com,Password123!
testuser1920@test.com,Password123!
testuser1921@test.com,Password123!
testuser1922@test.com,Password123!
testuser1923@test.com,Password123!
testuser1924@test.com,Password123!
testuser1925@test.com,Password123!
testuser1926@test.com,Password123!
testuser1927@test.com,Password123!
testuser1928@test.com,Password123!
testuser1929@test.com,Password123!
testuser1930@test.com,Password123!
testuser1931@test.com,Password123!
testuser1932@test.com,Password123!
testuser1933@test.com,Password123!
testuser1934@test.com,Password123!
testuser1935@test.com,Password123!
testuser1936@test.com,Password123!
testuser1937@test.com,Password123!
testuser1938@test.com,Password123!
testuser1939@test.com,Password123!
testuser1940@test.com,Password123!
testuser1941@test.com,Password123!
testuser1942@test.com,Password123!
testuser1943@test.com,Password123!
testuser1944@test.com,Password123!
testuser1945@test.com,Password123!
testuser1946@test.com,Password123!
testuser1947@test.com,Password123!
testuser1948@test.com,Password123!
testuser1949@test.com,Password123!
testuser1950@test.com,Password123!
testuser1951@test.com,Password123!
testuser1952@test.com,Password123!
testuser1953@test.com,Password123!
testuser1954@test.com,Password123!
testuser1955@test.com,Password123!
testuser1956@test.com,Password123!
testuser1957@test.com,Password123!
testuser1958@test.com,Password123!
testuser1959@test.com,Password123!
testuser1960@test.com,Password123!
testuser1961@test.com,Password123!
testuser1962@test.com,Password123!
testuser1963@test.com,Password123!
testuser1964@test.com,Password123!
testuser1965@test.com,Password123!
testuser1966@test.com,Password123!
testuser1967@test.com,Password123!
testuser1968@test.com,Password123!
testuser1969@test.com,Password123!
testuser1970@test.com,Password123!
testuser1971@test.com,Password123!
testuser1972@test.com,Password123!
testuser1973@test.com,Password123!
testuser1974@test.com,Password123!
testuser1975@test.com,Password123!
testuser1976@test.com,Password123!
testuser1977@test.com,Password123!
testuser1978@test.com,Password123!
testuser1979@test.com,Password123!
testuser1980@test.com,Password123!
testuser1981@test.com,Password123!
testuser1982@test.com,Password123!
testuser1983@test.com,Password123!
testuser1984@test.com,Password123!
testuser1985@test.com,Password123!
testuser1986@test.com,Password123!
testuser1987@test.com,Password123!
testuser1988@test.com,Password123!
testuser1989@test.com,Password123!
testuser1990@test.com,Password123!
testuser1991@test.com,Password123!
testuser1992@test.com,Password123!
testuser1993@test.com,Password123!
testuser1994@test.com,Password123!
testuser1995@test.com,Password123!
testuser1996@test.com,Password123!
testuser1997@test.com,Password123!
testuser1998@test.com,Password123!
testuser1999@test.com,Password123!
testuser2000@test.com,Password123!
